url,title,location,description,qualifications,working_condition,ai_summary,title_ja,description_ja,qualifications_ja,working_condition_ja,job_category,python_related,ai_related,job_score,fit_score,total_score,score_reason,short_reason
https://job-boards.greenhouse.io/paypay/jobs/4089251004,Frontend Engineer,Hybrid,"We are looking for a web frontend engineer to join PayPay. You will be building features that change how people in Japan use and manage their finances and business. As a fast-paced company leading the payments industry, we need our engineers to be versatile and enthusiastic to take on new challenges in order to stay at the forefront.",,,PayPayでは、ハイブリッド勤務のフロントエンドエンジニアを募集しています。日本の人々の財務管理に影響を与える機能を開発し、急成長する決済業界で新たな挑戦に取り組む意欲的なエンジニアを求めています。応募要件や勤務条件は記載されていません。,フロントエンドエンジニア,PayPayに参加するウェブフロントエンドエンジニアを募集しています。日本の人々が財務やビジネスを管理する方法を変える機能を構築していただきます。決済業界をリードする急成長企業として、私たちはエンジニアが多様なスキルを持ち、新しい挑戦に対して熱意を持って取り組むことを求めています。,,,Frontend,No,No,32,0,32,求人属性: Frontendカテゴリ、ハイブリッド勤務、情報量が十分。マッチ度: 勤務地条件がやや不一致。,Frontend職・ハイブリッド・勤務地やや不一致
https://job-boards.greenhouse.io/paypay/jobs/4888665004,Principal Software Engineer,Hybrid,"We are looking for a Principal Software Engineer to work on our various systems which need high scalability, reliability and availability. These challenges require creative thinking and a deep understanding of how software and platform work.
Our ideal candidate is an ace problem solver and a learner at heart. You should have a very high degree of comfort in a programming language of your choice. We offer a flexible work schedule and you get your choice of tools (both hardware and software) and most importantly, the opportunity to work on tough problems with the brightest minds around you. So, if challenges excite you, and you're ready for a big one, let us know.
Responsibilities:
Design, develop, test, deploy, maintain and improve software and core platform Lead technical aspects for multiple projects through hands-on execution and guidance of other engineers Provide architectural blueprints and technical leadership. Provides input and guidance during all phases of programs to solve challenging technical issues. Build common platforms to support different business vertical application systems Develop tools and contribute to open source wherever possible Adopt problem-solving as a way of life – always go to the root cause!
Experience:
Solid foundation in designing, implementing, and maintaining a large-scale distributed system. Experience in developing distributed platform systems such as Messaging Platforms, Pub/Sub Systems, Databases, Distributed Computing Frameworks, and Schedulers.
Tech Stack:
Our technology stack may vary based on project needs. Currently, we utilize:
Programming Languages: Java, Kotlin, Scala Frameworks and Tools: Spring Boot, JUnit, Resilience4j, Feign Databases: MySQL/AuroraDB, DynamoDB, ELK, Kafka, Redis, TiDB Deployment and Orchestration: Docker, Kubernetes, ArgoCD, AWS, GCP Development Tools: GitHub, IntelliJ, Gradle, Maven, npm/yarn, Flyway, Jenkins Data Analytics: BigQuery, Kibana, Spark Diagramming Tools: PlantUML, draw.io , miro.com Communication: Slack, Zoom
Qualifications:
Degree in Computer Engineering or Computer Science or 7+ years equivalent experience in software development Strong fundamentals in data structure, algorithm, operating system and object-oriented programming Deep understanding of concurrency, distributed computing, large-scale system, messaging and algorithm Software development experience in one or more general-purpose programming languages Interest and ability to learn new technology stacks as needed
Preferred Qualifications:
Experience in working for system development in finance, payment, or similar industries Experience with AWS services Contribute to open-source projects Language ability in Japanese and English is a plus (We have a professional translator but it is nice to have language skills)
Portrait:
Experience: Demonstrated experience designing and implementing large scale, high performance, micro-service based architectures utilizing new concepts and technologies where appropriate. Ownership: A mentoring approach to owning, managing and improving the technical aspects of a large scale system end to end. Communication : The ability to clearly and logically communicate your choice of technology and architectural decision based on its implementation strengths and limitations. Commitment : As a professional, commit to the growth and business goals of the organization and create impactful results by your ownership. Curiosity: Foster a development culture that explores new ideas knowing that we learn even from the ones that fail.",,,ハイブリッド勤務のPrincipal Software Engineerを募集しています。大規模で信頼性の高いシステムの設計、開発、保守を担当し、他のエンジニアへの指導も行います。応募者は、プログラミング言語に精通し、分散システムやマイクロサービスアーキテクチャの経験が求められます。,プリンシパルソフトウェアエンジニア,高いスケーラビリティ、信頼性、可用性が求められるさまざまなシステムに取り組むプリンシパルソフトウェアエンジニアを募集しています。これらの課題には創造的な思考とソフトウェアおよびプラットフォームの深い理解が必要です。理想的な候補者は、問題解決の達人であり、学ぶことに情熱を持っています。選択したプログラミング言語に非常に高い快適さを持っている必要があります。柔軟な勤務スケジュールを提供し、ツール（ハードウェアとソフトウェアの両方）を自由に選択でき、最も重要なことは、周囲の優秀な人々と共に難しい問題に取り組む機会が得られます。挑戦が好きで、大きな挑戦に備えている方はぜひご連絡ください。,コンピュータ工学またはコンピュータサイエンスの学位、またはソフトウェア開発における7年以上の同等の経験。データ構造、アルゴリズム、オペレーティングシステム、オブジェクト指向プログラミングの強固な基礎。並行処理、分散コンピューティング、大規模システム、メッセージング、アルゴリズムに関する深い理解。1つ以上の汎用プログラミング言語でのソフトウェア開発経験。必要に応じて新しい技術スタックを学ぶ意欲と能力。,プロジェクトのニーズに応じて技術スタックは異なる場合があります。現在使用している技術スタックには、Java、Kotlin、Scalaなどのプログラミング言語、Spring Boot、JUnit、Resilience4j、Feignなどのフレームワークとツール、MySQL/AuroraDB、DynamoDB、ELK、Kafka、Redis、TiDBなどのデータベース、Docker、Kubernetes、ArgoCD、AWS、GCPなどのデプロイメントおよびオーケストレーション、GitHub、IntelliJ、Gradle、Maven、npm/yarn、Flyway、Jenkinsなどの開発ツール、BigQuery、Kibana、Sparkなどのデータ分析ツール、PlantUML、draw.io、miro.comなどの図表作成ツール、Slack、Zoomなどのコミュニケーションツールが含まれます。,Backend,No,No,65,0,65,求人属性: Backendカテゴリ、英語・グローバル要素あり、ハイブリッド勤務、情報量が豊富。マッチ度: 勤務地条件がやや不一致。,Backend職・ハイブリッド・勤務地やや不一致
https://job-boards.greenhouse.io/paypay/jobs/4919371004,Cloud Platform Engineer (DB Specialist),Hybrid,"We are working to provide the best financial services to users in Japan. We empower PayPay product by realizing efficient, stable and optimized storage services. PayPay is looking for Cloud Platform Engineers who specialize in databases at scale on mission critical systems.
Main Responsibilities
Database operations, including monitoring, configuration management, upgrade, scaling, backup, and data migration. Iterate on database operations to improve quality and efficiency Troubleshoot stability and performance problems Contribute to documentation for communicating knowledge, experience and for effective decision-making Research and test new tools in database ecosystems, and adopt them in PayPay Group.","More than 5 years of DBA experience with a minimum of 3 years MySQL or PostgreSQL experience. More than 3 years of AWS experience in recent years Hands-on experience with Infra as Code (IaC - terraform) Interested in new technologies and willing to improve operational quality and efficiency Familiar with shell and programming language for scripting(Python, Go,...)",,PayPayでは、データベースの運用を専門とするCloud Platform Engineerを募集しています。応募者は、5年以上のDBA経験と3年以上のMySQLまたはPostgreSQL経験が必要で、AWSやInfra as Code（Terraform）の実務経験も求められます。勤務地はハイブリッドで、新技術に興味があり、運用の質と効率を向上させる意欲がある方を歓迎します。,クラウドプラットフォームエンジニア（DBスペシャリスト）,"私たちは、日本のユーザーに最高の金融サービスを提供するために取り組んでいます。PayPayの製品を支えるために、効率的で安定した最適化されたストレージサービスを実現しています。PayPayでは、ミッションクリティカルなシステムにおける大規模なデータベースに特化したクラウドプラットフォームエンジニアを募集しています。
主な業務内容
- データベースの運用（監視、構成管理、アップグレード、スケーリング、バックアップ、データ移行など）
- データベース運用の品質と効率を向上させるための改善
- 安定性やパフォーマンスの問題のトラブルシューティング
- 知識や経験を共有し、効果的な意思決定を行うためのドキュメント作成への貢献
- データベースエコシステムにおける新しいツールの研究とテスト、PayPayグループへの導入",DBAとして5年以上の経験があり、MySQLまたはPostgreSQLの経験が3年以上あること。最近3年以上のAWSの経験があること。Infra as Code（IaC - terraform）の実務経験があること。新しい技術に興味があり、運用の品質と効率を向上させる意欲があること。スクリプト用のシェルやプログラミング言語（Python、Goなど）に精通していること。,,Infra/SRE,Yes,No,43,0,43,求人属性: Infra/SREカテゴリ、ハイブリッド勤務、情報量が豊富。マッチ度: 勤務地条件がやや不一致。,Infra/SRE職・ハイブリッド・Python
https://job-boards.greenhouse.io/paypay/jobs/5471535004,Cloud Platform Engineer,Hybrid,"PayPay is looking for a Cloud Platform Engineer for PayPay's Cloud Based payment system. This role will be responsible for the engineering of Cloud Infrastructure Platforms to provide robust, reliable and cost-efficient Platform so that we can deliver the best experience for our growing customers base.","More than 5 years of technical and architectural experience in AWS-based infrastructure platforms Extensive technical hands-on experience with computing, networking, storage, and analytical services on Latest AWS Services Experience with Terraform based infrastructure as code (IAC) on AWS Experience in production level infrastructure change management and releases for high traffic & business-critical systems Experience in Cloud infrastructure and platform systems availability, performance and cost management Experience as an AWS administrator, including Multi AWS organization management, managing 50+ AWS accounts and 100+ users Strong understanding of cloud security best practices in Fintech Industry Demonstrated skill in programming and scripting languages, including Python, Shell Scripting, Go, and Rust Excellent oral, written, and interpersonal communication skills Proficiency in either English or Japanese",,PayPayでは、クラウドベースの決済システムのためのCloud Platform Engineerを募集しています。応募者は、AWSを基盤としたインフラの設計・運用に5年以上の経験が必要で、Terraformを用いたインフラ管理やクラウドセキュリティの知識も求められます。勤務地はハイブリッドで、英語または日本語のコミュニケーション能力が必要です。,クラウドプラットフォームエンジニア,PayPayでは、クラウドベースの決済システムのためにクラウドプラットフォームエンジニアを募集しています。この役割では、堅牢で信頼性が高く、コスト効率の良いプラットフォームを提供するためのクラウドインフラストラクチャプラットフォームのエンジニアリングを担当します。これにより、成長する顧客基盤に最高の体験を提供できるようになります。,AWSベースのインフラストラクチャプラットフォームにおける5年以上の技術的およびアーキテクチャ的経験最新のAWSサービスにおけるコンピューティング、ネットワーキング、ストレージ、分析サービスに関する豊富な実務経験Terraformを用いたインフラストラクチャコード（IAC）に関する経験高トラフィックおよびビジネスクリティカルなシステムのための本番レベルのインフラストラクチャ変更管理およびリリースに関する経験クラウドインフラストラクチャおよびプラットフォームシステムの可用性、パフォーマンス、コスト管理に関する経験AWS管理者としての経験（複数のAWS組織管理、50以上のAWSアカウントおよび100以上のユーザーの管理を含む）フィンテック業界におけるクラウドセキュリティのベストプラクティスに関する強い理解プログラミングおよびスクリプト言語（Python、Shell Scripting、Go、Rustを含む）における実績優れた口頭、文書、対人コミュニケーションスキル英語または日本語のいずれかに堪能であること,,Infra/SRE,Yes,No,63,0,63,求人属性: Infra/SREカテゴリ、英語・グローバル要素あり、ハイブリッド勤務、情報量が豊富。マッチ度: 勤務地条件がやや不一致。,Infra/SRE職・ハイブリッド・Python
https://job-boards.greenhouse.io/paypay/jobs/5683668004,Backend Engineer,Hybrid,PayPay is looking for a Backend Engineer to work on our payment system to deliver the best payment experience for our customers.,"4+ years of experience in using Java under professional environment, or if you are non-Java user, excellent skills in generalized programming languages, such as Scala, Python, and Go. Interest and ability to learn other coding languages as needed. Experience with NoSQL databases and distributed cache. Strong fundamentals in data structures, algorithms and object-oriented programming. In-depth understanding of concurrency and distributed computing. Degree in Computer Engineering or Computer Science or 5+ years equivalent experience in SaaS platform development. Business level of English or Japanese. Hands-on experience with AI/LLM tools (e.g., ChatGPT, GitHub Copilot, Gemini, CodeWhisperer, or similar) in professional software development.",,PayPayでは、ハイブリッド勤務のBackend Engineerを募集しています。応募者は、Javaまたは他のプログラミング言語（Scala、Python、Go）の実務経験が4年以上あり、NoSQLデータベースや分散キャッシュの経験が求められます。コンピュータ工学またはコンピュータサイエンスの学位、またはSaaSプラットフォーム開発での5年以上の経験が必要で、ビジネスレベルの英語または日本語能力が求められます。,バックエンドエンジニア,PayPayでは、顧客に最高の決済体験を提供するための決済システムに取り組むバックエンドエンジニアを募集しています。,プロフェッショナルな環境でのJava使用経験が4年以上、またはJava以外のプログラミング言語（Scala、Python、Goなど）に優れたスキルを持っていること。必要に応じて他のコーディング言語を学ぶ意欲と能力。NoSQLデータベースや分散キャッシュの経験。データ構造、アルゴリズム、オブジェクト指向プログラミングの基礎がしっかりしていること。並行処理や分散コンピューティングに関する深い理解。コンピュータ工学またはコンピュータサイエンスの学位、またはSaaSプラットフォーム開発における5年以上の同等の経験。ビジネスレベルの英語または日本語。プロフェッショナルなソフトウェア開発におけるAI/LLMツール（例：ChatGPT、GitHub Copilot、Gemini、CodeWhispererなど）の実務経験。,,Backend,Yes,Yes,80,0,80,求人属性: Backendカテゴリ、AI関連、英語・グローバル要素あり、ハイブリッド勤務、情報量が豊富。マッチ度: 勤務地条件がやや不一致。,Backend職・ハイブリッド・Python
